Club workout - black/white/colsha,Reebok,men,http://assets.superbalistcdn.co.za/300x432/filters:quality(75):format(jpg)/2253793/original.jpg,1299.00
Run 60s 2.0 - fz0961 - core black/ftwr white/core black,adidas Originals,men,http://assets.superbalistcdn.co.za/300x432/filters:quality(75):format(jpg)/2250982/original.jpg,1199.00
Courtphase - ftwr white/cloud white,adidas Originals,men,http://assets.superbalistcdn.co.za/300x432/filters:quality(75):format(jpg)/2251336/original.jpg,1399.00
Retrovulc - ftwr white/core black/dove grey,adidas Originals,men,http://assets.superbalistcdn.co.za/300x432/filters:quality(75):format(jpg)/2251316/original.jpg,1199.00
Court Tourino - ftwr white/core black,adidas Originals,men,http://assets.superbalistcdn.co.za/300x432/filters:quality(75):format(jpg)/2246002/original.jpg,1699.00
Court Tourino - core black/ftwr white,adidas Originals,men,http://assets.superbalistcdn.co.za/300x432/filters:quality(75):format(jpg)/2251300/original.jpg,1699.00
ZX 1K Boost - crew navy/semi solar gold,adidas Originals,men,http://assets.superbalistcdn.co.za/300x432/filters:quality(75):format(jpg)/2251091/original.jpg,1699.00
NMD_R1 - ftwr white/sonic aqua,adidas Originals,men,http://assets.superbalistcdn.co.za/300x432/filters:quality(75):format(jpg)/2251288/original.jpg,2799.00
Samba recon lt - crywht/cblack/gum,adidas Originals,men,http://assets.superbalistcdn.co.za/300x432/filters:quality(75):format(jpg)/2233625/original.jpg,2499.00
Bravada - fv8085 - core black/ftwr white,adidas Originals,men,http://assets.superbalistcdn.co.za/300x432/filters:quality(75):format(jpg)/2250897/original.jpg,1199.00
Breaknet - fx8707 - ftwr white/core black/core black,adidas Originals,men,http://assets.superbalistcdn.co.za/300x432/filters:quality(75):format(jpg)/2250905/original.jpg,999.00
NMD_R1 primeblue - core black/gum,adidas Originals,men,http://assets.superbalistcdn.co.za/300x432/filters:quality(75):format(jpg)/2245822/original.jpg,2799.00
"ZX 10,000 C - grey/sonic fuchsia/semi solar slime",adidas Originals,men,http://assets.superbalistcdn.co.za/300x432/filters:quality(75):format(jpg)/2251275/original.jpg,2499.00
Breaknet - fx8708 - core black/ftwr white/ftwr white,adidas Originals,men,http://assets.superbalistcdn.co.za/300x432/filters:quality(75):format(jpg)/2250921/original.jpg,999.00
Forum low - fy7756 - ftwr white/ftwr white/team royal blue,adidas Originals,men,http://assets.superbalistcdn.co.za/300x432/filters:quality(75):format(jpg)/2250950/original.jpg,1699.00
Stan Smith - ftwr white/core black,adidas Originals,men,http://assets.superbalistcdn.co.za/300x432/filters:quality(75):format(jpg)/2245795/original.jpg,1499.00
Superstar - core black/gold met.,adidas Originals,men,http://assets.superbalistcdn.co.za/300x432/filters:quality(75):format(jpg)/2251253/original.jpg,1699.00
"Air Force 1 '07 LV8 ""indigo""",Nike,men,http://assets.superbalistcdn.co.za/300x432/filters:quality(75):format(jpg)/2246920/original.jpg,1999.00
ZX 1K Boost - triple black,adidas Originals,men,http://assets.superbalistcdn.co.za/300x432/filters:quality(75):format(jpg)/2246111/original.jpg,1699.00
NY 90 - dash grey/solar red/ftwr white,adidas Originals,men,http://assets.superbalistcdn.co.za/300x432/filters:quality(75):format(jpg)/2245994/original.jpg,1299.00
Stan Smith vulc - legend ink/red/ftwr white,adidas Originals,men,http://assets.superbalistcdn.co.za/300x432/filters:quality(75):format(jpg)/2246985/original.jpg,1399.00
Hoops 2.0 - ftwr white/core black,adidas Originals,men,http://assets.superbalistcdn.co.za/300x432/filters:quality(75):format(jpg)/2245815/original.jpg,1199.00
Retrovulc - core black/ftwr white,adidas Originals,men,http://assets.superbalistcdn.co.za/300x432/filters:quality(75):format(jpg)/2247305/original.jpg,1199.00
Ozweego - cream white/core black/focus olive,adidas Originals,men,http://assets.superbalistcdn.co.za/300x432/filters:quality(75):format(jpg)/2247387/original.jpg,1999.00
Niteball - core black/ftwr white/silver met.,adidas Originals,men,http://assets.superbalistcdn.co.za/300x432/filters:quality(75):format(jpg)/2246064/original.jpg,2499.00
Stan Smith vulc - ftwr white/ambient sky/grey two,adidas Originals,men,http://assets.superbalistcdn.co.za/300x432/filters:quality(75):format(jpg)/2247297/original.jpg,1399.00
237 - black (001),New Balance ,men,http://assets.superbalistcdn.co.za/300x432/filters:quality(75):format(jpg)/2247649/original.jpg,1499.00
Terrex voyager 21 h.rdy - savannah/core black/screaming orange,adidas Performance,men,http://assets.superbalistcdn.co.za/300x432/filters:quality(75):format(jpg)/2246084/original.jpg,1999.00
Forum mid- ftwr white/team royal blue,adidas Originals,men,http://assets.superbalistcdn.co.za/300x432/filters:quality(75):format(jpg)/2246933/original.jpg,2199.00
Suede triplex - peacoat-high risk red-puma white,PUMA,men,http://assets.superbalistcdn.co.za/300x432/filters:quality(75):format(jpg)/2243968/original.jpg,1599.00
Calow - industrial grey,G-Star RAW,men,http://assets.superbalistcdn.co.za/300x432/filters:quality(75):format(jpg)/2221230/original.jpg,2199.00
Calow - white wp,G-Star RAW,men,http://assets.superbalistcdn.co.za/300x432/filters:quality(75):format(jpg)/2221187/original.jpg,2199.00
"Blazer mid '77 ""pomegranate""",Nike,men,http://assets.superbalistcdn.co.za/300x432/filters:quality(75):format(jpg)/2243872/original.jpg,1999.00
"Air Force 1 '07 LV8 ""Himalayan Rhubarb""",Nike,men,http://assets.superbalistcdn.co.za/300x432/filters:quality(75):format(jpg)/2243880/original.jpg,1999.00
Suede triplex - puma black-steel gray-puma white,PUMA,men,http://assets.superbalistcdn.co.za/300x432/filters:quality(75):format(jpg)/2243983/original.jpg,1599.00
Zx 1k boost - ftwr white/core black/halo silver,adidas Originals,men,http://assets.superbalistcdn.co.za/300x432/filters:quality(75):format(jpg)/2065899/original.jpg,1699.00
Forum low - fy7757 - ftwr white/ftwr white/core black,adidas Originals,men,http://assets.superbalistcdn.co.za/300x432/filters:quality(75):format(jpg)/2245804/original.jpg,1699.00
Zx 1k boost - core black/ftwr white/black silver met.,adidas Originals,men,http://assets.superbalistcdn.co.za/300x432/filters:quality(75):format(jpg)/2065914/original.jpg,1699.00
Instapump Fury OG nm - FW7699 - black/true grey 7/white,Reebok,men,http://assets.superbalistcdn.co.za/300x432/filters:quality(75):format(jpg)/2242830/original.jpg,1999.00
Old Skool x Spongebob - off the wall,Vans,men,http://assets.superbalistcdn.co.za/300x432/filters:quality(75):format(jpg)/2240396/original.jpg,1499.00
Cl lthr - chalk/deecob/utiyel,Reebok,men,http://assets.superbalistcdn.co.za/300x432/filters:quality(75):format(jpg)/2243557/original.jpg,1199.00
Tect - industrial grey,G-Star RAW,men,http://assets.superbalistcdn.co.za/300x432/filters:quality(75):format(jpg)/2221149/original.jpg,1999.00
Calow iii - industrial grey,G-Star RAW,men,http://assets.superbalistcdn.co.za/300x432/filters:quality(75):format(jpg)/2221254/original.jpg,2499.00
Classic Slip-On x Spongebob - alohabob,Vans,men,http://assets.superbalistcdn.co.za/300x432/filters:quality(75):format(jpg)/2240356/original.jpg,1199.00
SK8-Hi x Spongebob - imaginaaation,Vans,men,http://assets.superbalistcdn.co.za/300x432/filters:quality(75):format(jpg)/2240324/original.jpg,1699.00
Cl lthr - pugry3/vecnav/maroon,Reebok,men,http://assets.superbalistcdn.co.za/300x432/filters:quality(75):format(jpg)/2197898/original.jpg,1499.00
Tect pro q2 - shamrock,G-Star RAW,men,http://assets.superbalistcdn.co.za/300x432/filters:quality(75):format(jpg)/2221271/original.jpg,2899.00
Calow - shamrock,G-Star RAW,men,http://assets.superbalistcdn.co.za/300x432/filters:quality(75):format(jpg)/2221202/original.jpg,2199.00
Tect - shamrock,G-Star RAW,men,http://assets.superbalistcdn.co.za/300x432/filters:quality(75):format(jpg)/2221160/original.jpg,1999.00
Tect - matt asphalt,G-Star RAW,men,http://assets.superbalistcdn.co.za/300x432/filters:quality(75):format(jpg)/2221173/original.jpg,1999.00
Tect pro q2 - industrial grey,G-Star RAW,men,http://assets.superbalistcdn.co.za/300x432/filters:quality(75):format(jpg)/2221286/original.jpg,2899.00
Club c revenge mu - white/black/legacr,Reebok,men,http://assets.superbalistcdn.co.za/300x432/filters:quality(75):format(jpg)/2197624/original.jpg,1199.00
Authentic x SpongeBob - airbrush,Vans,men,http://assets.superbalistcdn.co.za/300x432/filters:quality(75):format(jpg)/2240285/original.jpg,1099.00
Club c stacked - black/black/rbkg06,Reebok,men,http://assets.superbalistcdn.co.za/300x432/filters:quality(75):format(jpg)/2198150/original.jpg,1499.00
Club c revenge - vecnav/utigrn/alabas,Reebok,men,http://assets.superbalistcdn.co.za/300x432/filters:quality(75):format(jpg)/2197995/original.jpg,1099.00
Club c 85 - white/white/elefla,Reebok,men,http://assets.superbalistcdn.co.za/300x432/filters:quality(75):format(jpg)/2198039/original.jpg,1099.00
Club c revenge - white/horblu/vecred,Reebok,men,http://assets.superbalistcdn.co.za/300x432/filters:quality(75):format(jpg)/2198103/original.jpg,1099.00
Club c stacked - white/white/rbkg06,Reebok,men,http://assets.superbalistcdn.co.za/300x432/filters:quality(75):format(jpg)/2197968/original.jpg,1499.00
Club c 85 - white/white/sorang,Reebok,men,http://assets.superbalistcdn.co.za/300x432/filters:quality(75):format(jpg)/2198074/original.jpg,1099.00
Mirage tech core - puma black-puma white,PUMA,men,http://assets.superbalistcdn.co.za/300x432/filters:quality(75):format(jpg)/2238597/original.jpg,1899.00
C-skate vulc camo - desert sage-puma white,PUMA,men,http://assets.superbalistcdn.co.za/300x432/filters:quality(75):format(jpg)/2238615/original.jpg,999.00
Suede bloc - puma black-ivory glow,PUMA,men,http://assets.superbalistcdn.co.za/300x432/filters:quality(75):format(jpg)/2238586/original.jpg,1699.00
Rs-fast nano - puma black-puma black,PUMA,men,http://assets.superbalistcdn.co.za/300x432/filters:quality(75):format(jpg)/2236595/original.jpg,1999.00
Rs-connect lazer - vaporous gray-nrgy blue,PUMA Select,men,http://assets.superbalistcdn.co.za/300x432/filters:quality(75):format(jpg)/2236613/original.jpg,2299.00
Mirage tech core - peacoat-fiery coral,PUMA,men,http://assets.superbalistcdn.co.za/300x432/filters:quality(75):format(jpg)/2236649/original.jpg,1899.00
Future rider aka boku -  puma x aka boku,PUMA Select,men,http://assets.superbalistcdn.co.za/300x432/filters:quality(75):format(jpg)/2235123/original.jpg,1999.00
Rs-connect aka boku -  puma x aka boku,PUMA Select,men,http://assets.superbalistcdn.co.za/300x432/filters:quality(75):format(jpg)/2235060/original.jpg,2499.00
Oslo-city re.gen - puma white-nimbus cloud,PUMA,men,http://assets.superbalistcdn.co.za/300x432/filters:quality(75):format(jpg)/2235034/original.jpg,2299.00
Mirage mox -,PUMA Select,men,http://assets.superbalistcdn.co.za/300x432/filters:quality(75):format(jpg)/2071834/original.jpg,2299.00
5740 - grey,New Balance ,men,http://assets.superbalistcdn.co.za/300x432/filters:quality(75):format(jpg)/2233447/original.jpg,1999.00
Ua old skool - (classic sport) black/waterfall,Vans,men,http://assets.superbalistcdn.co.za/300x432/filters:quality(75):format(jpg)/2233295/original.jpg,899.00
237 - turtledove,New Balance ,men,http://assets.superbalistcdn.co.za/300x432/filters:quality(75):format(jpg)/2233469/original.jpg,1499.00
Gazelle w - clear lilac/cloud white ,adidas Originals,women,http://assets.superbalistcdn.co.za/300x432/filters:quality(75):format(jpg)/2254179/original.jpg,1699.00
"Air Force 1 '07 SE ""Indigo""",Nike,women,http://assets.superbalistcdn.co.za/300x432/filters:quality(75):format(jpg)/2253623/original.jpg,1999.00
Nizza platform w - fv5322 - ftwr white/ftwr white/ftwr white,adidas Originals,women,http://assets.superbalistcdn.co.za/300x432/filters:quality(75):format(jpg)/2250883/original.jpg,1399.00
Lyte classic - white/camel beige,ASICS,women,http://assets.superbalistcdn.co.za/300x432/filters:quality(75):format(jpg)/2250261/original.jpg,1199.00
Retrorun - eh1859 - core black/cloud white/alumina,adidas Originals,women,http://assets.superbalistcdn.co.za/300x432/filters:quality(75):format(jpg)/2250871/original.jpg,1199.00
Courtpoint - fy8407 - ftwr white/silver met./dove grey,adidas Originals,women,http://assets.superbalistcdn.co.za/300x432/filters:quality(75):format(jpg)/2250963/original.jpg,899.00
Court Bold - ftwr white/iron met.,adidas Originals,women,http://assets.superbalistcdn.co.za/300x432/filters:quality(75):format(jpg)/2251261/original.jpg,1099.00
Stan Smith - ftwr white/core black,adidas Originals,women,http://assets.superbalistcdn.co.za/300x432/filters:quality(75):format(jpg)/2245795/original.jpg,1499.00
NMD_R1 - halo blush/ftwr white/core black,adidas Originals,women,http://assets.superbalistcdn.co.za/300x432/filters:quality(75):format(jpg)/2246268/original.jpg,2799.00
Courtpoint - core black/iron met./ftwr white,adidas Performance,women,http://assets.superbalistcdn.co.za/300x432/filters:quality(75):format(jpg)/2246337/original.jpg,899.00
Court Tourino - ftwr white/core black,adidas Originals,women,http://assets.superbalistcdn.co.za/300x432/filters:quality(75):format(jpg)/2247407/original.jpg,1699.00
Top Sleek - ftwr white/gold met.,adidas Originals,women,http://assets.superbalistcdn.co.za/300x432/filters:quality(75):format(jpg)/2247421/original.jpg,1599.00
ZX 1K Boost - clear pink/ftwr white/violet tone,adidas Originals,women,http://assets.superbalistcdn.co.za/300x432/filters:quality(75):format(jpg)/2246020/original.jpg,1699.00
Futurecourt - h68185 - ftwr white/ftwr white/wonder white,adidas Originals,women,http://assets.superbalistcdn.co.za/300x432/filters:quality(75):format(jpg)/2224707/original.jpg,1599.00
Choigo - ftwr white/pulse yellow/light purple,adidas Originals,women,http://assets.superbalistcdn.co.za/300x432/filters:quality(75):format(jpg)/2246044/original.jpg,1999.00
Forum low - ftwr white/shock pink,adidas Originals,women,http://assets.superbalistcdn.co.za/300x432/filters:quality(75):format(jpg)/2246945/original.jpg,1699.00
ZX 1K Boost - wonder white/wonder white/acid orange,adidas Originals,women,http://assets.superbalistcdn.co.za/300x432/filters:quality(75):format(jpg)/2246288/original.jpg,1699.00
Choigo - ftwr white/matte silver/rose tone,adidas Originals,women,http://assets.superbalistcdn.co.za/300x432/filters:quality(75):format(jpg)/2246278/original.jpg,1999.00
HER Studio London Superstar,adidas Originals,women,http://assets.superbalistcdn.co.za/300x432/filters:quality(75):format(jpg)/2246034/original.jpg,1699.00
HER Studio London Forum bold,adidas Originals,women,http://assets.superbalistcdn.co.za/300x432/filters:quality(75):format(jpg)/2246383/original.jpg,1999.00
Authentic - (tartan daze) multi/acid dye,Vans,women,http://assets.superbalistcdn.co.za/300x432/filters:quality(75):format(jpg)/2243925/original.jpg,999.00
Nizza platform - core black/ftwr white,adidas Originals,women,http://assets.superbalistcdn.co.za/300x432/filters:quality(75):format(jpg)/2245787/original.jpg,1399.00
Stan Smith - ftwr white/gold met.,adidas Originals,women,http://assets.superbalistcdn.co.za/300x432/filters:quality(75):format(jpg)/2223618/original.jpg,1699.00
Jada - puma white-puma white-puma silver-eggshell blue,PUMA,women,http://assets.superbalistcdn.co.za/300x432/filters:quality(75):format(jpg)/2243949/original.jpg,1199.00
Sk8-hi - (tartan daze) multi/acid dye,Vans,women,http://assets.superbalistcdn.co.za/300x432/filters:quality(75):format(jpg)/2244877/original.jpg,1399.00
Court Tourino - core black/ftwr white,adidas Originals,women,http://assets.superbalistcdn.co.za/300x432/filters:quality(75):format(jpg)/2223636/original.jpg,1699.00
Old skool zip - (tartan daze) multi/acid dye,Vans,women,http://assets.superbalistcdn.co.za/300x432/filters:quality(75):format(jpg)/2243914/original.jpg,1299.00
Club c 85 - white/alabas/chalk,Reebok,women,http://assets.superbalistcdn.co.za/300x432/filters:quality(75):format(jpg)/2243497/original.jpg,1099.00
Freestyle hi Wonder Woman - shady grey / shady grey / fearless purple,Reebok,women,http://assets.superbalistcdn.co.za/300x432/filters:quality(75):format(jpg)/2242850/original.jpg,1799.00
Cl lthr - white/white/white,Reebok,women,http://assets.superbalistcdn.co.za/300x432/filters:quality(75):format(jpg)/2197792/original.jpg,1299.00
Cl legacy - white/trgry1/skugry,Reebok,women,http://assets.superbalistcdn.co.za/300x432/filters:quality(75):format(jpg)/2198462/original.jpg,1399.00
Cl legacy - alabas/chalk/lasred,Reebok,women,http://assets.superbalistcdn.co.za/300x432/filters:quality(75):format(jpg)/2198505/original.jpg,1399.00
Calow basic q2 - white,G-Star RAW,women,http://assets.superbalistcdn.co.za/300x432/filters:quality(75):format(jpg)/2241682/original.jpg,2199.00
Calow basic q2 - combat,G-Star RAW,women,http://assets.superbalistcdn.co.za/300x432/filters:quality(75):format(jpg)/2221168/original.jpg,2199.00
Suede triplex - suede triplex - 38117508 - rosewater-peony-puma white,PUMA,women,http://assets.superbalistcdn.co.za/300x432/filters:quality(75):format(jpg)/2241501/original.jpg,1599.00
Classic Slip-On x Spongebob - alohabob,Vans,women,http://assets.superbalistcdn.co.za/300x432/filters:quality(75):format(jpg)/2240356/original.jpg,1199.00
SK8-Hi x Spongebob - imaginaaation,Vans,women,http://assets.superbalistcdn.co.za/300x432/filters:quality(75):format(jpg)/2240324/original.jpg,1699.00
Calow basic q2 - delta blue,G-Star RAW,women,http://assets.superbalistcdn.co.za/300x432/filters:quality(75):format(jpg)/2221139/original.jpg,2199.00
Authentic x SpongeBob - airbrush,Vans,women,http://assets.superbalistcdn.co.za/300x432/filters:quality(75):format(jpg)/2240285/original.jpg,1099.00
Club c 85 - white/white/neoblu,Reebok,women,http://assets.superbalistcdn.co.za/300x432/filters:quality(75):format(jpg)/2197845/original.jpg,1099.00
Cl legacy - minblu/cougrn/syello,Reebok,women,http://assets.superbalistcdn.co.za/300x432/filters:quality(75):format(jpg)/2198399/original.jpg,1499.00
2790 cotlettering - white,SUPERGA,women,http://assets.superbalistcdn.co.za/300x432/filters:quality(75):format(jpg)/2240775/original.jpg,1199.00
2341 alpina jelly - beige lt sand,SUPERGA,women,http://assets.superbalistcdn.co.za/300x432/filters:quality(75):format(jpg)/2240755/original.jpg,1499.00
Club c 85 - white/elefla/neoblu,Reebok,women,http://assets.superbalistcdn.co.za/300x432/filters:quality(75):format(jpg)/2197753/original.jpg,1099.00
Mayze lth wn's - puma white-peyote,PUMA,women,http://assets.superbalistcdn.co.za/300x432/filters:quality(75):format(jpg)/2238564/original.jpg,1899.00
Suede Mayu UP women's sneakers - super lemon-marshmallow-gum 3,PUMA,women,http://assets.superbalistcdn.co.za/300x432/filters:quality(75):format(jpg)/2238576/original.jpg,1899.00
Mayze lth wn's - puma white-puma black,PUMA,women,http://assets.superbalistcdn.co.za/300x432/filters:quality(75):format(jpg)/2236658/original.jpg,1899.00
Jada - puma black-puma black-rose gold-lotus-puma white,PUMA,women,http://assets.superbalistcdn.co.za/300x432/filters:quality(75):format(jpg)/2236626/original.jpg,1199.00
X-ray 2 square mid wtr - puma black-puma black-rose gold-whisper white,PUMA,women,http://assets.superbalistcdn.co.za/300x432/filters:quality(75):format(jpg)/2236601/original.jpg,1599.00
Ua era - (classic sport) blushing bride/parisian night,Vans,women,http://assets.superbalistcdn.co.za/300x432/filters:quality(75):format(jpg)/2233333/original.jpg,749.00
5740 - grey,New Balance ,women,http://assets.superbalistcdn.co.za/300x432/filters:quality(75):format(jpg)/2233480/original.jpg,1799.00
Ua old skool - (classic sport) blushing bride/parisian night,Vans,women,http://assets.superbalistcdn.co.za/300x432/filters:quality(75):format(jpg)/2233319/original.jpg,899.00
Mirage mox vision - apricot blush-gray violet,PUMA Select,women,http://assets.superbalistcdn.co.za/300x432/filters:quality(75):format(jpg)/2231306/original.jpg,1999.00
Japan s pf - white/black,Asics Tiger,women,http://assets.superbalistcdn.co.za/300x432/filters:quality(75):format(jpg)/2052892/original.jpg,1199.00
Ua old skool - orchid & true white,Vans,women,http://assets.superbalistcdn.co.za/300x432/filters:quality(75):format(jpg)/2241367/original.jpg,849.00
Ua old skool - (galaxy) black/true white,Vans,women,http://assets.superbalistcdn.co.za/300x432/filters:quality(75):format(jpg)/2241361/original.jpg,999.00
2790 cotw  - white,SUPERGA,women,http://assets.superbalistcdn.co.za/300x432/filters:quality(75):format(jpg)/2224667/original.jpg,1099.00
2790 cotw - full black,SUPERGA,women,http://assets.superbalistcdn.co.za/300x432/filters:quality(75):format(jpg)/2224661/original.jpg,1099.00
2790 cotlettering - black,SUPERGA,women,http://assets.superbalistcdn.co.za/300x432/filters:quality(75):format(jpg)/2224678/original.jpg,1199.00
New Balance - 5740 - white/multi,New Balance ,women,http://assets.superbalistcdn.co.za/300x432/filters:quality(75):format(jpg)/2223361/original.jpg,1799.00
New balance - 5740 - multi,New Balance ,women,http://assets.superbalistcdn.co.za/300x432/filters:quality(75):format(jpg)/2223400/original.jpg,1799.00
Rs-curve tones wn's - marshmallow-shifting sand-eggnog,PUMA,women,http://assets.superbalistcdn.co.za/300x432/filters:quality(75):format(jpg)/2221088/original.jpg,1899.00
S-astico low cut w sneakers - aqua sky,Diesel ,women,http://assets.superbalistcdn.co.za/300x432/filters:quality(75):format(jpg)/2066120/original.jpg,2199.00
S-astico low cut w sneakers - faded rose,Diesel ,women,http://assets.superbalistcdn.co.za/300x432/filters:quality(75):format(jpg)/2066103/original.jpg,2199.00
S-astico mc wedge sneakers - raspberry sorbet,Diesel ,women,http://assets.superbalistcdn.co.za/300x432/filters:quality(75):format(jpg)/2066778/original.jpg,3899.00
S-astico mc wedge sneakers - glacier grey,Diesel ,women,http://assets.superbalistcdn.co.za/300x432/filters:quality(75):format(jpg)/2066809/original.jpg,3899.00
Cruise rider ocean road wn's - puma white-nimbus cloud-elektro green,PUMA,women,http://assets.superbalistcdn.co.za/300x432/filters:quality(75):format(jpg)/2216301/original.jpg,1699.00
Oslo maja metal wn's - puma white-puma aged silver,PUMA,women,http://assets.superbalistcdn.co.za/300x432/filters:quality(75):format(jpg)/2216212/original.jpg,1899.00
Rs-curve aura wn's - scuba blue-puma silver-puma white,PUMA,women,http://assets.superbalistcdn.co.za/300x432/filters:quality(75):format(jpg)/2216256/original.jpg,1899.00
Cali star pop wnâ€™s - puma black-puma white-ignite pink-elektro peach,PUMA,women,http://assets.superbalistcdn.co.za/300x432/filters:quality(75):format(jpg)/2216327/original.jpg,1799.00
Cruise rider ocean road wn's - puma white-fiery coral-elektro peach,PUMA,women,http://assets.superbalistcdn.co.za/300x432/filters:quality(75):format(jpg)/2216278/original.jpg,1699.00
Cali sport clean wn's - puma white-puma black,PUMA,women,http://assets.superbalistcdn.co.za/300x432/filters:quality(75):format(jpg)/2216231/original.jpg,1799.00
